filename,filepath,type,size_bytes,status,crs,resolution,bands
INSPIRE.xml,c:\Users\Hiya\OneDrive\Desktop\BIRDSEYE\data\INSPIRE.xml,METADATA,18647,VALID,,,
manifest.safe,c:\Users\Hiya\OneDrive\Desktop\BIRDSEYE\data\manifest.safe,METADATA,68908,VALID,,,
MTD_MSIL2A.xml,c:\Users\Hiya\OneDrive\Desktop\BIRDSEYE\data\MTD_MSIL2A.xml,METADATA,54608,VALID,,,
S2B_MSIL2A_20240223T043809_N0510_R033_T45QXF_20240223T070012-ql.jpg,c:\Users\Hiya\OneDrive\Desktop\BIRDSEYE\data\S2B_MSIL2A_20240223T043809_N0510_R033_T45QXF_20240223T070012-ql.jpg,OTHER,37916,UNSUITABLE,,,
MTD_DS.xml,c:\Users\Hiya\OneDrive\Desktop\BIRDSEYE\data\DATASTRIP\DS_2BPS_20240223T070012_S20240223T044642\MTD_DS.xml,METADATA,14573711,VALID,,,
FORMAT_CORRECTNESS.xml,c:\Users\Hiya\OneDrive\Desktop\BIRDSEYE\data\DATASTRIP\DS_2BPS_20240223T070012_S20240223T044642\QI_DATA\FORMAT_CORRECTNESS.xml,METADATA,3929,VALID,,,
GENERAL_QUALITY.xml,c:\Users\Hiya\OneDrive\Desktop\BIRDSEYE\data\DATASTRIP\DS_2BPS_20240223T070012_S20240223T044642\QI_DATA\GENERAL_QUALITY.xml,METADATA,5656,VALID,,,
GEOMETRIC_QUALITY.xml,c:\Users\Hiya\OneDrive\Desktop\BIRDSEYE\data\DATASTRIP\DS_2BPS_20240223T070012_S20240223T044642\QI_DATA\GEOMETRIC_QUALITY.xml,METADATA,8029,VALID,,,
RADIOMETRIC_QUALITY.xml,c:\Users\Hiya\OneDrive\Desktop\BIRDSEYE\data\DATASTRIP\DS_2BPS_20240223T070012_S20240223T044642\QI_DATA\RADIOMETRIC_QUALITY.xml,METADATA,6977,VALID,,,
SENSOR_QUALITY.xml,c:\Users\Hiya\OneDrive\Desktop\BIRDSEYE\data\DATASTRIP\DS_2BPS_20240223T070012_S20240223T044642\QI_DATA\SENSOR_QUALITY.xml,METADATA,4332,VALID,,,
MTD_TL.xml,c:\Users\Hiya\OneDrive\Desktop\BIRDSEYE\data\GRANULE\L2A_T45QXF_A036381_20240223T044642\MTD_TL.xml,METADATA,626760,VALID,,,
AUX_CAMSFO,c:\Users\Hiya\OneDrive\Desktop\BIRDSEYE\data\GRANULE\L2A_T45QXF_A036381_20240223T044642\AUX_DATA\AUX_CAMSFO,OTHER,2970,UNSUITABLE,,,
AUX_ECMWFT,c:\Users\Hiya\OneDrive\Desktop\BIRDSEYE\data\GRANULE\L2A_T45QXF_A036381_20240223T044642\AUX_DATA\AUX_ECMWFT,OTHER,1620,UNSUITABLE,,,
T45QXF_20240223T043809_AOT_10m.jp2,c:\Users\Hiya\OneDrive\Desktop\BIRDSEYE\data\GRANULE\L2A_T45QXF_A036381_20240223T044642\IMG_DATA\R10m\T45QXF_20240223T043809_AOT_10m.jp2,RASTER,450268,VALID,EPSG:32645,10.0,1
T45QXF_20240223T043809_B02_10m.jp2,c:\Users\Hiya\OneDrive\Desktop\BIRDSEYE\data\GRANULE\L2A_T45QXF_A036381_20240223T044642\IMG_DATA\R10m\T45QXF_20240223T043809_B02_10m.jp2,RASTER,134732295,VALID,EPSG:32645,10.0,1
T45QXF_20240223T043809_B03_10m.jp2,c:\Users\Hiya\OneDrive\Desktop\BIRDSEYE\data\GRANULE\L2A_T45QXF_A036381_20240223T044642\IMG_DATA\R10m\T45QXF_20240223T043809_B03_10m.jp2,RASTER,132327245,VALID,EPSG:32645,10.0,1
T45QXF_20240223T043809_B04_10m.jp2,c:\Users\Hiya\OneDrive\Desktop\BIRDSEYE\data\GRANULE\L2A_T45QXF_A036381_20240223T044642\IMG_DATA\R10m\T45QXF_20240223T043809_B04_10m.jp2,RASTER,130958198,VALID,EPSG:32645,10.0,1
T45QXF_20240223T043809_B08_10m.jp2,c:\Users\Hiya\OneDrive\Desktop\BIRDSEYE\data\GRANULE\L2A_T45QXF_A036381_20240223T044642\IMG_DATA\R10m\T45QXF_20240223T043809_B08_10m.jp2,RASTER,135284599,VALID,EPSG:32645,10.0,1
T45QXF_20240223T043809_TCI_10m.jp2,c:\Users\Hiya\OneDrive\Desktop\BIRDSEYE\data\GRANULE\L2A_T45QXF_A036381_20240223T044642\IMG_DATA\R10m\T45QXF_20240223T043809_TCI_10m.jp2,RASTER,135179319,VALID,EPSG:32645,10.0,3
T45QXF_20240223T043809_WVP_10m.jp2,c:\Users\Hiya\OneDrive\Desktop\BIRDSEYE\data\GRANULE\L2A_T45QXF_A036381_20240223T044642\IMG_DATA\R10m\T45QXF_20240223T043809_WVP_10m.jp2,RASTER,43641868,VALID,EPSG:32645,10.0,1
T45QXF_20240223T043809_AOT_20m.jp2,c:\Users\Hiya\OneDrive\Desktop\BIRDSEYE\data\GRANULE\L2A_T45QXF_A036381_20240223T044642\IMG_DATA\R20m\T45QXF_20240223T043809_AOT_20m.jp2,RASTER,424168,VALID,EPSG:32645,20.0,1
T45QXF_20240223T043809_B01_20m.jp2,c:\Users\Hiya\OneDrive\Desktop\BIRDSEYE\data\GRANULE\L2A_T45QXF_A036381_20240223T044642\IMG_DATA\R20m\T45QXF_20240223T043809_B01_20m.jp2,RASTER,26829600,VALID,EPSG:32645,20.0,1
T45QXF_20240223T043809_B02_20m.jp2,c:\Users\Hiya\OneDrive\Desktop\BIRDSEYE\data\GRANULE\L2A_T45QXF_A036381_20240223T044642\IMG_DATA\R20m\T45QXF_20240223T043809_B02_20m.jp2,RASTER,33746587,VALID,EPSG:32645,20.0,1
T45QXF_20240223T043809_B03_20m.jp2,c:\Users\Hiya\OneDrive\Desktop\BIRDSEYE\data\GRANULE\L2A_T45QXF_A036381_20240223T044642\IMG_DATA\R20m\T45QXF_20240223T043809_B03_20m.jp2,RASTER,33709283,VALID,EPSG:32645,20.0,1
T45QXF_20240223T043809_B04_20m.jp2,c:\Users\Hiya\OneDrive\Desktop\BIRDSEYE\data\GRANULE\L2A_T45QXF_A036381_20240223T044642\IMG_DATA\R20m\T45QXF_20240223T043809_B04_20m.jp2,RASTER,33709398,VALID,EPSG:32645,20.0,1
T45QXF_20240223T043809_B05_20m.jp2,c:\Users\Hiya\OneDrive\Desktop\BIRDSEYE\data\GRANULE\L2A_T45QXF_A036381_20240223T044642\IMG_DATA\R20m\T45QXF_20240223T043809_B05_20m.jp2,RASTER,33719037,VALID,EPSG:32645,20.0,1
T45QXF_20240223T043809_B06_20m.jp2,c:\Users\Hiya\OneDrive\Desktop\BIRDSEYE\data\GRANULE\L2A_T45QXF_A036381_20240223T044642\IMG_DATA\R20m\T45QXF_20240223T043809_B06_20m.jp2,RASTER,33806501,VALID,EPSG:32645,20.0,1
T45QXF_20240223T043809_B07_20m.jp2,c:\Users\Hiya\OneDrive\Desktop\BIRDSEYE\data\GRANULE\L2A_T45QXF_A036381_20240223T044642\IMG_DATA\R20m\T45QXF_20240223T043809_B07_20m.jp2,RASTER,33794363,VALID,EPSG:32645,20.0,1
T45QXF_20240223T043809_B11_20m.jp2,c:\Users\Hiya\OneDrive\Desktop\BIRDSEYE\data\GRANULE\L2A_T45QXF_A036381_20240223T044642\IMG_DATA\R20m\T45QXF_20240223T043809_B11_20m.jp2,RASTER,33733114,VALID,EPSG:32645,20.0,1
T45QXF_20240223T043809_B12_20m.jp2,c:\Users\Hiya\OneDrive\Desktop\BIRDSEYE\data\GRANULE\L2A_T45QXF_A036381_20240223T044642\IMG_DATA\R20m\T45QXF_20240223T043809_B12_20m.jp2,RASTER,33714201,VALID,EPSG:32645,20.0,1
T45QXF_20240223T043809_B8A_20m.jp2,c:\Users\Hiya\OneDrive\Desktop\BIRDSEYE\data\GRANULE\L2A_T45QXF_A036381_20240223T044642\IMG_DATA\R20m\T45QXF_20240223T043809_B8A_20m.jp2,RASTER,33791760,VALID,EPSG:32645,20.0,1
T45QXF_20240223T043809_SCL_20m.jp2,c:\Users\Hiya\OneDrive\Desktop\BIRDSEYE\data\GRANULE\L2A_T45QXF_A036381_20240223T044642\IMG_DATA\R20m\T45QXF_20240223T043809_SCL_20m.jp2,RASTER,4089773,VALID,EPSG:32645,20.0,1
T45QXF_20240223T043809_TCI_20m.jp2,c:\Users\Hiya\OneDrive\Desktop\BIRDSEYE\data\GRANULE\L2A_T45QXF_A036381_20240223T044642\IMG_DATA\R20m\T45QXF_20240223T043809_TCI_20m.jp2,RASTER,33765406,VALID,EPSG:32645,20.0,3
T45QXF_20240223T043809_WVP_20m.jp2,c:\Users\Hiya\OneDrive\Desktop\BIRDSEYE\data\GRANULE\L2A_T45QXF_A036381_20240223T044642\IMG_DATA\R20m\T45QXF_20240223T043809_WVP_20m.jp2,RASTER,14313562,VALID,EPSG:32645,20.0,1
T45QXF_20240223T043809_AOT_60m.jp2,c:\Users\Hiya\OneDrive\Desktop\BIRDSEYE\data\GRANULE\L2A_T45QXF_A036381_20240223T044642\IMG_DATA\R60m\T45QXF_20240223T043809_AOT_60m.jp2,RASTER,122397,VALID,EPSG:32645,60.0,1
T45QXF_20240223T043809_B01_60m.jp2,c:\Users\Hiya\OneDrive\Desktop\BIRDSEYE\data\GRANULE\L2A_T45QXF_A036381_20240223T044642\IMG_DATA\R60m\T45QXF_20240223T043809_B01_60m.jp2,RASTER,3759964,VALID,EPSG:32645,60.0,1
T45QXF_20240223T043809_B02_60m.jp2,c:\Users\Hiya\OneDrive\Desktop\BIRDSEYE\data\GRANULE\L2A_T45QXF_A036381_20240223T044642\IMG_DATA\R60m\T45QXF_20240223T043809_B02_60m.jp2,RASTER,3735289,VALID,EPSG:32645,60.0,1
T45QXF_20240223T043809_B03_60m.jp2,c:\Users\Hiya\OneDrive\Desktop\BIRDSEYE\data\GRANULE\L2A_T45QXF_A036381_20240223T044642\IMG_DATA\R60m\T45QXF_20240223T043809_B03_60m.jp2,RASTER,3735494,VALID,EPSG:32645,60.0,1
T45QXF_20240223T043809_B04_60m.jp2,c:\Users\Hiya\OneDrive\Desktop\BIRDSEYE\data\GRANULE\L2A_T45QXF_A036381_20240223T044642\IMG_DATA\R60m\T45QXF_20240223T043809_B04_60m.jp2,RASTER,3735015,VALID,EPSG:32645,60.0,1
T45QXF_20240223T043809_B05_60m.jp2,c:\Users\Hiya\OneDrive\Desktop\BIRDSEYE\data\GRANULE\L2A_T45QXF_A036381_20240223T044642\IMG_DATA\R60m\T45QXF_20240223T043809_B05_60m.jp2,RASTER,3736881,VALID,EPSG:32645,60.0,1
T45QXF_20240223T043809_B06_60m.jp2,c:\Users\Hiya\OneDrive\Desktop\BIRDSEYE\data\GRANULE\L2A_T45QXF_A036381_20240223T044642\IMG_DATA\R60m\T45QXF_20240223T043809_B06_60m.jp2,RASTER,3753853,VALID,EPSG:32645,60.0,1
T45QXF_20240223T043809_B07_60m.jp2,c:\Users\Hiya\OneDrive\Desktop\BIRDSEYE\data\GRANULE\L2A_T45QXF_A036381_20240223T044642\IMG_DATA\R60m\T45QXF_20240223T043809_B07_60m.jp2,RASTER,3753096,VALID,EPSG:32645,60.0,1
T45QXF_20240223T043809_B09_60m.jp2,c:\Users\Hiya\OneDrive\Desktop\BIRDSEYE\data\GRANULE\L2A_T45QXF_A036381_20240223T044642\IMG_DATA\R60m\T45QXF_20240223T043809_B09_60m.jp2,RASTER,3730702,VALID,EPSG:32645,60.0,1
T45QXF_20240223T043809_B11_60m.jp2,c:\Users\Hiya\OneDrive\Desktop\BIRDSEYE\data\GRANULE\L2A_T45QXF_A036381_20240223T044642\IMG_DATA\R60m\T45QXF_20240223T043809_B11_60m.jp2,RASTER,3758245,VALID,EPSG:32645,60.0,1
T45QXF_20240223T043809_B12_60m.jp2,c:\Users\Hiya\OneDrive\Desktop\BIRDSEYE\data\GRANULE\L2A_T45QXF_A036381_20240223T044642\IMG_DATA\R60m\T45QXF_20240223T043809_B12_60m.jp2,RASTER,3734449,VALID,EPSG:32645,60.0,1
T45QXF_20240223T043809_B8A_60m.jp2,c:\Users\Hiya\OneDrive\Desktop\BIRDSEYE\data\GRANULE\L2A_T45QXF_A036381_20240223T044642\IMG_DATA\R60m\T45QXF_20240223T043809_B8A_60m.jp2,RASTER,3752898,VALID,EPSG:32645,60.0,1
T45QXF_20240223T043809_SCL_60m.jp2,c:\Users\Hiya\OneDrive\Desktop\BIRDSEYE\data\GRANULE\L2A_T45QXF_A036381_20240223T044642\IMG_DATA\R60m\T45QXF_20240223T043809_SCL_60m.jp2,RASTER,890101,VALID,EPSG:32645,60.0,1
T45QXF_20240223T043809_TCI_60m.jp2,c:\Users\Hiya\OneDrive\Desktop\BIRDSEYE\data\GRANULE\L2A_T45QXF_A036381_20240223T044642\IMG_DATA\R60m\T45QXF_20240223T043809_TCI_60m.jp2,RASTER,3759667,VALID,EPSG:32645,60.0,3
T45QXF_20240223T043809_WVP_60m.jp2,c:\Users\Hiya\OneDrive\Desktop\BIRDSEYE\data\GRANULE\L2A_T45QXF_A036381_20240223T044642\IMG_DATA\R60m\T45QXF_20240223T043809_WVP_60m.jp2,RASTER,2246738,VALID,EPSG:32645,60.0,1
FORMAT_CORRECTNESS.xml,c:\Users\Hiya\OneDrive\Desktop\BIRDSEYE\data\GRANULE\L2A_T45QXF_A036381_20240223T044642\QI_DATA\FORMAT_CORRECTNESS.xml,METADATA,7726,VALID,,,
GENERAL_QUALITY.xml,c:\Users\Hiya\OneDrive\Desktop\BIRDSEYE\data\GRANULE\L2A_T45QXF_A036381_20240223T044642\QI_DATA\GENERAL_QUALITY.xml,METADATA,3953,VALID,,,
GEOMETRIC_QUALITY.xml,c:\Users\Hiya\OneDrive\Desktop\BIRDSEYE\data\GRANULE\L2A_T45QXF_A036381_20240223T044642\QI_DATA\GEOMETRIC_QUALITY.xml,METADATA,4778,VALID,,,
L2A_QUALITY.xml,c:\Users\Hiya\OneDrive\Desktop\BIRDSEYE\data\GRANULE\L2A_T45QXF_A036381_20240223T044642\QI_DATA\L2A_QUALITY.xml,METADATA,7706,VALID,,,
MSK_CLASSI_B00.jp2,c:\Users\Hiya\OneDrive\Desktop\BIRDSEYE\data\GRANULE\L2A_T45QXF_A036381_20240223T044642\QI_DATA\MSK_CLASSI_B00.jp2,RASTER,95787,VALID,EPSG:32645,60.0,3
MSK_CLDPRB_20m.jp2,c:\Users\Hiya\OneDrive\Desktop\BIRDSEYE\data\GRANULE\L2A_T45QXF_A036381_20240223T044642\QI_DATA\MSK_CLDPRB_20m.jp2,RASTER,12075735,VALID,EPSG:32645,20.0,1
MSK_CLDPRB_60m.jp2,c:\Users\Hiya\OneDrive\Desktop\BIRDSEYE\data\GRANULE\L2A_T45QXF_A036381_20240223T044642\QI_DATA\MSK_CLDPRB_60m.jp2,RASTER,2125051,VALID,EPSG:32645,60.0,1
MSK_DETFOO_B01.jp2,c:\Users\Hiya\OneDrive\Desktop\BIRDSEYE\data\GRANULE\L2A_T45QXF_A036381_20240223T044642\QI_DATA\MSK_DETFOO_B01.jp2,RASTER,16005,VALID,EPSG:32645,60.0,1
MSK_DETFOO_B02.jp2,c:\Users\Hiya\OneDrive\Desktop\BIRDSEYE\data\GRANULE\L2A_T45QXF_A036381_20240223T044642\QI_DATA\MSK_DETFOO_B02.jp2,RASTER,69372,VALID,EPSG:32645,10.0,1
MSK_DETFOO_B03.jp2,c:\Users\Hiya\OneDrive\Desktop\BIRDSEYE\data\GRANULE\L2A_T45QXF_A036381_20240223T044642\QI_DATA\MSK_DETFOO_B03.jp2,RASTER,69460,VALID,EPSG:32645,10.0,1
MSK_DETFOO_B04.jp2,c:\Users\Hiya\OneDrive\Desktop\BIRDSEYE\data\GRANULE\L2A_T45QXF_A036381_20240223T044642\QI_DATA\MSK_DETFOO_B04.jp2,RASTER,69338,VALID,EPSG:32645,10.0,1
MSK_DETFOO_B05.jp2,c:\Users\Hiya\OneDrive\Desktop\BIRDSEYE\data\GRANULE\L2A_T45QXF_A036381_20240223T044642\QI_DATA\MSK_DETFOO_B05.jp2,RASTER,27804,VALID,EPSG:32645,20.0,1
MSK_DETFOO_B06.jp2,c:\Users\Hiya\OneDrive\Desktop\BIRDSEYE\data\GRANULE\L2A_T45QXF_A036381_20240223T044642\QI_DATA\MSK_DETFOO_B06.jp2,RASTER,27881,VALID,EPSG:32645,20.0,1
MSK_DETFOO_B07.jp2,c:\Users\Hiya\OneDrive\Desktop\BIRDSEYE\data\GRANULE\L2A_T45QXF_A036381_20240223T044642\QI_DATA\MSK_DETFOO_B07.jp2,RASTER,27899,VALID,EPSG:32645,20.0,1
MSK_DETFOO_B08.jp2,c:\Users\Hiya\OneDrive\Desktop\BIRDSEYE\data\GRANULE\L2A_T45QXF_A036381_20240223T044642\QI_DATA\MSK_DETFOO_B08.jp2,RASTER,69400,VALID,EPSG:32645,10.0,1
MSK_DETFOO_B09.jp2,c:\Users\Hiya\OneDrive\Desktop\BIRDSEYE\data\GRANULE\L2A_T45QXF_A036381_20240223T044642\QI_DATA\MSK_DETFOO_B09.jp2,RASTER,15991,VALID,EPSG:32645,60.0,1
MSK_DETFOO_B10.jp2,c:\Users\Hiya\OneDrive\Desktop\BIRDSEYE\data\GRANULE\L2A_T45QXF_A036381_20240223T044642\QI_DATA\MSK_DETFOO_B10.jp2,RASTER,16003,VALID,EPSG:32645,60.0,1
MSK_DETFOO_B11.jp2,c:\Users\Hiya\OneDrive\Desktop\BIRDSEYE\data\GRANULE\L2A_T45QXF_A036381_20240223T044642\QI_DATA\MSK_DETFOO_B11.jp2,RASTER,27896,VALID,EPSG:32645,20.0,1
MSK_DETFOO_B12.jp2,c:\Users\Hiya\OneDrive\Desktop\BIRDSEYE\data\GRANULE\L2A_T45QXF_A036381_20240223T044642\QI_DATA\MSK_DETFOO_B12.jp2,RASTER,27877,VALID,EPSG:32645,20.0,1
MSK_DETFOO_B8A.jp2,c:\Users\Hiya\OneDrive\Desktop\BIRDSEYE\data\GRANULE\L2A_T45QXF_A036381_20240223T044642\QI_DATA\MSK_DETFOO_B8A.jp2,RASTER,27860,VALID,EPSG:32645,20.0,1
MSK_QUALIT_B01.jp2,c:\Users\Hiya\OneDrive\Desktop\BIRDSEYE\data\GRANULE\L2A_T45QXF_A036381_20240223T044642\QI_DATA\MSK_QUALIT_B01.jp2,RASTER,14784,VALID,EPSG:32645,60.0,8
MSK_QUALIT_B02.jp2,c:\Users\Hiya\OneDrive\Desktop\BIRDSEYE\data\GRANULE\L2A_T45QXF_A036381_20240223T044642\QI_DATA\MSK_QUALIT_B02.jp2,RASTER,58216,VALID,EPSG:32645,10.0,8
MSK_QUALIT_B03.jp2,c:\Users\Hiya\OneDrive\Desktop\BIRDSEYE\data\GRANULE\L2A_T45QXF_A036381_20240223T044642\QI_DATA\MSK_QUALIT_B03.jp2,RASTER,59267,VALID,EPSG:32645,10.0,8
MSK_QUALIT_B04.jp2,c:\Users\Hiya\OneDrive\Desktop\BIRDSEYE\data\GRANULE\L2A_T45QXF_A036381_20240223T044642\QI_DATA\MSK_QUALIT_B04.jp2,RASTER,61403,VALID,EPSG:32645,10.0,8
MSK_QUALIT_B05.jp2,c:\Users\Hiya\OneDrive\Desktop\BIRDSEYE\data\GRANULE\L2A_T45QXF_A036381_20240223T044642\QI_DATA\MSK_QUALIT_B05.jp2,RASTER,16897,VALID,EPSG:32645,20.0,8
MSK_QUALIT_B06.jp2,c:\Users\Hiya\OneDrive\Desktop\BIRDSEYE\data\GRANULE\L2A_T45QXF_A036381_20240223T044642\QI_DATA\MSK_QUALIT_B06.jp2,RASTER,16825,VALID,EPSG:32645,20.0,8
MSK_QUALIT_B07.jp2,c:\Users\Hiya\OneDrive\Desktop\BIRDSEYE\data\GRANULE\L2A_T45QXF_A036381_20240223T044642\QI_DATA\MSK_QUALIT_B07.jp2,RASTER,16292,VALID,EPSG:32645,20.0,8
MSK_QUALIT_B08.jp2,c:\Users\Hiya\OneDrive\Desktop\BIRDSEYE\data\GRANULE\L2A_T45QXF_A036381_20240223T044642\QI_DATA\MSK_QUALIT_B08.jp2,RASTER,79925,VALID,EPSG:32645,10.0,8
MSK_QUALIT_B09.jp2,c:\Users\Hiya\OneDrive\Desktop\BIRDSEYE\data\GRANULE\L2A_T45QXF_A036381_20240223T044642\QI_DATA\MSK_QUALIT_B09.jp2,RASTER,14764,VALID,EPSG:32645,60.0,8
MSK_QUALIT_B10.jp2,c:\Users\Hiya\OneDrive\Desktop\BIRDSEYE\data\GRANULE\L2A_T45QXF_A036381_20240223T044642\QI_DATA\MSK_QUALIT_B10.jp2,RASTER,16298,VALID,EPSG:32645,60.0,8
MSK_QUALIT_B11.jp2,c:\Users\Hiya\OneDrive\Desktop\BIRDSEYE\data\GRANULE\L2A_T45QXF_A036381_20240223T044642\QI_DATA\MSK_QUALIT_B11.jp2,RASTER,13997,VALID,EPSG:32645,20.0,8
MSK_QUALIT_B12.jp2,c:\Users\Hiya\OneDrive\Desktop\BIRDSEYE\data\GRANULE\L2A_T45QXF_A036381_20240223T044642\QI_DATA\MSK_QUALIT_B12.jp2,RASTER,17455,VALID,EPSG:32645,20.0,8
MSK_QUALIT_B8A.jp2,c:\Users\Hiya\OneDrive\Desktop\BIRDSEYE\data\GRANULE\L2A_T45QXF_A036381_20240223T044642\QI_DATA\MSK_QUALIT_B8A.jp2,RASTER,17894,VALID,EPSG:32645,20.0,8
MSK_SNWPRB_20m.jp2,c:\Users\Hiya\OneDrive\Desktop\BIRDSEYE\data\GRANULE\L2A_T45QXF_A036381_20240223T044642\QI_DATA\MSK_SNWPRB_20m.jp2,RASTER,24261,VALID,EPSG:32645,20.0,1
MSK_SNWPRB_60m.jp2,c:\Users\Hiya\OneDrive\Desktop\BIRDSEYE\data\GRANULE\L2A_T45QXF_A036381_20240223T044642\QI_DATA\MSK_SNWPRB_60m.jp2,RASTER,13364,VALID,EPSG:32645,60.0,1
SENSOR_QUALITY.xml,c:\Users\Hiya\OneDrive\Desktop\BIRDSEYE\data\GRANULE\L2A_T45QXF_A036381_20240223T044642\QI_DATA\SENSOR_QUALITY.xml,METADATA,3209,VALID,,,
T45QXF_20240223T043809_PVI.jp2,c:\Users\Hiya\OneDrive\Desktop\BIRDSEYE\data\GRANULE\L2A_T45QXF_A036381_20240223T044642\QI_DATA\T45QXF_20240223T043809_PVI.jp2,RASTER,165706,VALID,EPSG:32645,320.0,3
banner_1.png,c:\Users\Hiya\OneDrive\Desktop\BIRDSEYE\data\HTML\banner_1.png,OTHER,42377,UNSUITABLE,,,
banner_2.png,c:\Users\Hiya\OneDrive\Desktop\BIRDSEYE\data\HTML\banner_2.png,OTHER,58643,UNSUITABLE,,,
banner_3.png,c:\Users\Hiya\OneDrive\Desktop\BIRDSEYE\data\HTML\banner_3.png,OTHER,44797,UNSUITABLE,,,
star_bg.jpg,c:\Users\Hiya\OneDrive\Desktop\BIRDSEYE\data\HTML\star_bg.jpg,OTHER,1890,UNSUITABLE,,,
UserProduct_index.html,c:\Users\Hiya\OneDrive\Desktop\BIRDSEYE\data\HTML\UserProduct_index.html,OTHER,8380,UNSUITABLE,,,
UserProduct_index.xsl,c:\Users\Hiya\OneDrive\Desktop\BIRDSEYE\data\HTML\UserProduct_index.xsl,OTHER,10034,UNSUITABLE,,,
S2_PDI_Level-2A_Datastrip_Metadata.xsd,c:\Users\Hiya\OneDrive\Desktop\BIRDSEYE\data\rep_info\S2_PDI_Level-2A_Datastrip_Metadata.xsd,OTHER,1370,UNSUITABLE,,,
S2_PDI_Level-2A_Tile_Metadata.xsd,c:\Users\Hiya\OneDrive\Desktop\BIRDSEYE\data\rep_info\S2_PDI_Level-2A_Tile_Metadata.xsd,OTHER,929,UNSUITABLE,,,
S2_User_Product_Level-2A_Metadata.xsd,c:\Users\Hiya\OneDrive\Desktop\BIRDSEYE\data\rep_info\S2_User_Product_Level-2A_Metadata.xsd,OTHER,1039,UNSUITABLE,,,
